Diretorio;Codigo-Fonte
\ABRIL_2022\ATFA045\AF045BAI.prw;AF045BAI.prw
\ABRIL_2022\ATFA045\AF045VAL.prw;AF045VAL.prw
\ABRIL_2022\CNTA120\C130KDEL.prw;C130KDEL.prw
\ABRIL_2022\CNTA120\CN120ADP.prw;CN120ADP.prw
\ABRIL_2022\CNTA120\CN120AEP.prw;CN120AEP.prw
\ABRIL_2022\CNTA120\CN120ALT.prw;CN120ALT.prw
\ABRIL_2022\CNTA120\CN120ATESL.prw;CN120ATESL.prw
\ABRIL_2022\CNTA120\CN120ATSLD.prw;CN120ATSLD.prw
\ABRIL_2022\CNTA120\CN120AutVl.prw;CN120AutVl.prw
\ABRIL_2022\CNTA120\CN120BOK.prw;CN120BOK.prw
\ABRIL_2022\CNTA120\CN120CMP.prw;CN120CMP.prw
\ABRIL_2022\CNTA120\CN120COR.prw;CN120COR.prw
\ABRIL_2022\CNTA120\CN120CPO.prw;CN120CPO.prw
\ABRIL_2022\CNTA120\CN120CPT.prw;CN120CPT.prw
\ABRIL_2022\CNTA120\CN120CTAUT.prw;CN120CTAUT.prw
\ABRIL_2022\CNTA120\CN120CTU.prw;CN120CTU.prw
\ABRIL_2022\CNTA120\CN120DTCON.prw;CN120DTCON.prw
\ABRIL_2022\CNTA120\CN120ENCMD.prw;CN120ENCMD.prw
\ABRIL_2022\CNTA120\CN120ENMED.prw;CN120ENMED.prw
\ABRIL_2022\CNTA120\CN120ENSLD.prw;CN120ENSLD.prw
\ABRIL_2022\CNTA120\CN120ENVL.prw;CN120ENVL.prw
\ABRIL_2022\CNTA120\CN120EPE.prw;CN120EPE.prw
\ABRIL_2022\CNTA120\CN120EPM.prw;CN120EPM.prw
\ABRIL_2022\CNTA120\CN120ESMED.prw;CN120ESMED.prw
\ABRIL_2022\CNTA120\CN120ESSLD.prw;CN120ESSLD.prw
\ABRIL_2022\CNTA120\CN120ESTMD.prw;CN120ESTMD.prw
\ABRIL_2022\CNTA120\CN120ESY.prw;CN120ESY.prw
\ABRIL_2022\CNTA120\CN120GPM.prw;CN120GPM.prw
\ABRIL_2022\CNTA120\CN120GRPED.prw;CN120GRPED.prw
\ABRIL_2022\CNTA120\CN120GRVCA.prw;CN120GRVCA.prw
\ABRIL_2022\CNTA120\CN120GSC.prw;CN120GSC.prw
\ABRIL_2022\CNTA120\CN120GTR.prw;CN120GTR.prw
\ABRIL_2022\CNTA120\CN120INCCA.prw;CN120INCCA.prw
\ABRIL_2022\CNTA120\CN120IT7.prw;CN120IT7.prw
\ABRIL_2022\CNTA120\CN120ITM.prw;CN120ITM.prw
\ABRIL_2022\CNTA120\CN120LEG.prw;CN120LEG.prw
\ABRIL_2022\CNTA120\CN120MAB.prw;CN120MAB.prw
\ABRIL_2022\CNTA120\CN120NAT.prw;CN120NAT.prw
\ABRIL_2022\CNTA120\CN120PDM.prw;CN120PDM.prw
\ABRIL_2022\CNTA120\CN120PED.prw;CN120PED.prw
\ABRIL_2022\CNTA120\CN120PSQ.prw;CN120PSQ.prw
\ABRIL_2022\CNTA120\CN120QCC.prw;CN120QCC.prw
\ABRIL_2022\CNTA120\CN120QRY.prw;CN120QRY.prw
\ABRIL_2022\CNTA120\CN120SEMED.prw;CN120SEMED.prw
\ABRIL_2022\CNTA120\CN120SXB.prw;CN120SXB.prw
\ABRIL_2022\CNTA120\CN120VDSD.prw;CN120VDSD.prw
\ABRIL_2022\CNTA120\CN120VENC.prw;CN120VENC.prw
\ABRIL_2022\CNTA120\CN120VEST.prw;CN120VEST.prw
\ABRIL_2022\CNTA120\CN120VLEST.prw;CN120VLEST.prw
\ABRIL_2022\CNTA120\CN120VLPAR.prw;CN120VLPAR.prw
\ABRIL_2022\CNTA120\CN120VMP.prw;CN120VMP.prw
\ABRIL_2022\CNTA120\CN130Alt.prw;CN130Alt.prw
\ABRIL_2022\CNTA120\CN130BUT.prw;CN130BUT.prw
\ABRIL_2022\CNTA120\CN130CEX.prw;CN130CEX.prw
\ABRIL_2022\CNTA120\CN130Inc.prw;CN130Inc.prw
\ABRIL_2022\CNTA120\CN130LBM.prw;CN130LBM.prw
\ABRIL_2022\CNTA120\CN130MLD.prw;CN130MLD.prw
\ABRIL_2022\CNTA120\CN130MTINC.prw;CN130MTINC.prw
\ABRIL_2022\CNTA120\CN130PGRV.prw;CN130PGRV.prw
\ABRIL_2022\CNTA120\CN130TOK.prw;CN130TOK.prw
\ABRIL_2022\CNTA120\CN130TPC.prw;CN130TPC.prw
\ABRIL_2022\CNTA120\CN130TPD.prw;CN130TPD.prw
\ABRIL_2022\CNTA120\CN130VAD.prw;CN130VAD.prw
\ABRIL_2022\CNTA120\CN130VCK.prw;CN130VCK.prw
\ABRIL_2022\CNTA120\CN130VLDMT.prw;CN130VLDMT.prw
\ABRIL_2022\CNTA120\CN130VLIN.prw;CN130VLIN.prw
\ABRIL_2022\CNTA120\CN130VRET.prw;CN130VRET.prw
\ABRIL_2022\CNTA120\CN130VTOT.prw;CN130VTOT.prw
\ABRIL_2022\CNTA120\CTA120FN.prw;CTA120FN.prw
\ABRIL_2022\CNTA120\CTA120FV.prw;CTA120FV.prw
\ABRIL_2022\CNTA120\CTA120MNU.prw;CTA120MNU.prw
\ABRIL_2022\CNTA120\MD130GRV.prw;MD130GRV.prw
\ABRIL_2022\CNTA120\PECN120SLDCTR.prw;PECN120SLDCTR.prw
\ABRIL_2022\FINA090_FINA091\F090AdBtn.prw;F090AdBtn.prw
\ABRIL_2022\FINA090_FINA091\F090ADDB.prw;F090ADDB.prw
\ABRIL_2022\FINA090_FINA091\F090ADFR.prw;F090ADFR.prw
\ABRIL_2022\FINA090_FINA091\F090BROW.prw;F090BROW.prw
\ABRIL_2022\FINA090_FINA091\F090CHOK.prw;F090CHOK.prw
\ABRIL_2022\FINA090_FINA091\F090CPOS.prw;F090CPOS.prw
\ABRIL_2022\FINA090_FINA091\F090DESC.prw;F090DESC.prw
\ABRIL_2022\FINA090_FINA091\F090FILB.prw;F090FILB.prw
\ABRIL_2022\FINA090_FINA091\F090FILEMI.prw;F090FILEMI.prw
\ABRIL_2022\FINA090_FINA091\F090FLBR.prw;F090FLBR.prw
\ABRIL_2022\FINA090_FINA091\F090GAVE.prw;F090GAVE.prw
\ABRIL_2022\FINA090_FINA091\F090LOG.prw;F090LOG.prw
\ABRIL_2022\FINA090_FINA091\F090MNAT.prw;F090MNAT.prw
\ABRIL_2022\FINA090_FINA091\F090MTBX.prw;F090MTBX.prw
\ABRIL_2022\FINA090_FINA091\F090NATLOT.prw;F090NATLOT.prw
\ABRIL_2022\FINA090_FINA091\F090NLOTE.prw;F090NLOTE.prw
\ABRIL_2022\FINA090_FINA091\F090PABX.prw;F090PABX.prw
\ABRIL_2022\FINA090_FINA091\F090POSTIT.prw;F090POSTIT.prw
\ABRIL_2022\FINA090_FINA091\F090QFIL.prw;F090QFIL.prw
\ABRIL_2022\FINA090_FINA091\F090REST.prw;F090REST.prw
\ABRIL_2022\FINA090_FINA091\F090SE5.prw;F090SE5.prw
\ABRIL_2022\FINA090_FINA091\F090TIPO.prw;F090TIPO.prw
\ABRIL_2022\FINA090_FINA091\F090TIT.prw;F090TIT.prw
\ABRIL_2022\FINA090_FINA091\F090TOK.prw;F090TOK.prw
\ABRIL_2022\FINA090_FINA091\F90SE5GRV.prw;F90SE5GRV.prw
\ABRIL_2022\FINA090_FINA091\F90TOTGRV.prw;F90TOTGRV.prw
\ABRIL_2022\FINA090_FINA091\FA080SEF.prw;FA080SEF.prw
\ABRIL_2022\FINA090_FINA091\FA090BCO.prw;FA090BCO.prw
\ABRIL_2022\FINA090_FINA091\FA090COR.prw;FA090COR.prw
\ABRIL_2022\FINA090_FINA091\FA090DES.prw;FA090DES.prw
\ABRIL_2022\FINA090_FINA091\FA090JUR.prw;FA090JUR.prw
\ABRIL_2022\FINA090_FINA091\FA090MUL.prw;FA090MUL.prw
\ABRIL_2022\FINA090_FINA091\FA090POS.prw;FA090POS.prw
\ABRIL_2022\FINA090_FINA091\FA090SE5.prw;FA090SE5.prw
\ABRIL_2022\FINA090_FINA091\FA090TIT.prw;FA090TIT.prw
\ABRIL_2022\FINA090_FINA091\FA090TX.prw;FA090TX.prw
\ABRIL_2022\FINA090_FINA091\FINA090.prw;FINA090.prw
\ABRIL_2022\FINA910\F910PROC.prw;F910PROC.prw
\ABRIL_2022\FINA910\FA110TOT.prw;FA110TOT.prw
\ABRIL_2022\FINA910\FIN910FIL.prw;FIN910FIL.prw
\ABRIL_2022\FINA910\FINA910F.prw;FINA910F.prw
\ABRIL_2022\FINA910\FINFIF.prw;FINFIF.prw
\ABRIL_2022\MATA030\CRMBRWVIEW.prw;CRMBRWVIEW.prw
\ABRIL_2022\MATA030\M030ALT.prw;M030ALT.prw
\ABRIL_2022\MATA030\M030DEL.prw;M030DEL.prw
\ABRIL_2022\MATA030\M030EXC.prw;M030EXC.prw
\ABRIL_2022\MATA030\M030INC.prw;M030INC.prw
\ABRIL_2022\MATA030\M030PALT.prw;M030PALT.prw
\ABRIL_2022\MATA030\M030SAO.prw;M030SAO.prw
\ABRIL_2022\MATA030\MA030BRW.prw;MA030BRW.prw
\ABRIL_2022\MATA030\MA030BUT.prw;MA030BUT.prw
\ABRIL_2022\MATA030\MA030COR.prw;MA030COR.prw
\ABRIL_2022\MATA030\MA030DBT.prw;MA030DBT.prw
\ABRIL_2022\MATA030\MA030MEM.prw;MA030MEM.prw
\ABRIL_2022\MATA030\MA030REF.prw;MA030REF.prw
\ABRIL_2022\MATA030\MA030ROT.prw;MA030ROT.prw
\ABRIL_2022\MATA030\MA030TOK.prw;MA030TOK.prw
\ABRIL_2022\MATA030\MA030VINC.prw;MA030VINC.prw
\ABRIL_2022\MATA030\MALTCLI.prw;MALTCLI.prw
\ABRIL_2022\MATA030\MATA030IPG.prw;MATA030IPG.prw
\ABRIL_2022\MATA030\MT030INT.prw;MT030INT.prw
\ABRIL_2022\MATA030\VBTOK030.prw;VBTOK030.prw
\ABRIL_2022\MATA240\A240WMSO.prw;A240WMSO.prw
\ABRIL_2022\MATA240\CPOSDH1.prw;CPOSDH1.prw
\ABRIL_2022\MATA240\M240BROW.prw;M240BROW.prw
\ABRIL_2022\MATA240\M240BUT.prw;M240BUT.prw
\ABRIL_2022\MATA240\M240FILB.prw;M240FILB.prw
\ABRIL_2022\MATA240\MT240CAN.prw;MT240CAN.prw
\ABRIL_2022\MATA240\MT240DVL.prw;MT240DVL.prw
\ABRIL_2022\MATA240\MT240EST.prw;MT240EST.prw
\ABRIL_2022\MATA240\MT240INC.prw;MT240INC.prw
\ABRIL_2022\MATA240\MT240MEM.prw;MT240MEM.prw
\ABRIL_2022\MATA240\MT240TOK.prw;MT240TOK.prw
\ABRIL_2022\MATA240\MTA240MNU.prw;MTA240MNU.prw
\ABRIL_2022\MATA240\SD3240E.prw;SD3240E.prw
\ABRIL_2022\MATA240\SD3240I.prw;SD3240I.prw
\ABRIL_2022\MATA240\SD3NSDV.prw;SD3NSDV.prw
\ABRIL_2022\MATA240\SD3VESR.prw;SD3VESR.prw
\ABRIL_2022\MATA260\A260GRV.prw;A260GRV.prw
\ABRIL_2022\MATA260\A260INI.prw;A260INI.prw
\ABRIL_2022\MATA260\A260LOC.prw;A260LOC.prw
\ABRIL_2022\MATA260\M260FILB.prw;M260FILB.prw
\ABRIL_2022\MATA260\MA260D3.prw;MA260D3.prw
\ABRIL_2022\MATA260\MA260D3F.prw;MA260D3F.prw
\ABRIL_2022\MATA260\MA260EST.prw;MA260EST.prw
\ABRIL_2022\MATA260\MA260Exc.prw;MA260Exc.prw
\ABRIL_2022\MATA260\MA260NFQ.prw;MA260NFQ.prw
\ABRIL_2022\MATA260\MA260WMS.prw;MA260WMS.prw
\ABRIL_2022\MATA260\MT260ACS.prw;MT260ACS.prw
\ABRIL_2022\MATA260\MT260BLD.prw;MT260BLD.prw
\ABRIL_2022\MATA260\MT260BTN.prw;MT260BTN.prw
\ABRIL_2022\MATA260\MT260FIL.prw;MT260FIL.prw
\ABRIL_2022\MATA260\MT260NLOT.prw;MT260NLOT.prw
\ABRIL_2022\MATA260\MT260TOK.prw;MT260TOK.prw
\ABRIL_2022\MATA260\MT260UM.prw;MT260UM.prw
\ABRIL_2022\MATA260\MTA260DOC.prw;MTA260DOC.prw
\ABRIL_2022\MATA260\MTA260MNU.prw;MTA260MNU.prw
